{"cameraMode":{"drawMode":0,"name":"Shaded","section":"Shading Mode"},"sceneLighting":false,"audioPlay":false,"sceneViewState":{"m_AlwaysRefresh":false,"showFog":true,"showSkybox":true,"showFlares":true,"showImageEffects":true,"showParticleSystems":true,"showVisualEffectGraphs":true,"m_FxEnabled":true},"in2DMode":false,"pivot":{"x":8.380825996398926,"y":0.021961286664009095,"z":8.259626388549805},"rotation":{"x":0.01640830747783184,"y":-0.9811009168624878,"z":0.09322907030582428,"w":0.16925732791423798},"size":0.37808656692504885,"orthographic":false}